document_id,title,file_path,category,document_type,status,priority,date_created,date_modified,next_review,tags,schema_version
NETWORK-MIKROTIK-TOPOLOGY-2026-001,"Топология и адресация MikroTik CRS326-24G-2S+: интерфейсы, bridge, routing, link flapping ether9",01_Interfaces/Топология и адресация MikroTik.md,01_Interfaces,reference,completed,medium,2026-09-19,2026-09-29,2026-12-19,RouterOS;MikroTik;Interfaces;PPPoE;WAN;Bridge;Routing;Audit,1.0
NETWORK-MIKROTIK-FIREWALL-NAT-CLEANUP-2026-001,"Аудит Firewall и NAT MikroTik: 7 мёртвых правил Filter, 5 мёртвых правил NAT (legacy 192.168.199.x)",02_Firewall_NAT/Аудит Firewall и NAT — мёртвые правила.md,02_Firewall_NAT,reference,completed,high,2026-09-19,2026-09-29,2026-12-19,RouterOS;MikroTik;Firewall;NAT;Filter-Rules;Audit,1.0
NETWORK-MIKROTIK-VPN-PROFILE-BROKEN-2026-001,VPN-профиль MikroTik ссылается на нерабочую подсеть — пользователи получают недействительные адреса,03_VPN/VPN-профиль ссылается на нерабочую подсеть.md,03_VPN,troubleshooting,completed,critical,2026-09-19,2026-09-29,2026-10-19,RouterOS;MikroTik;VPN;Audit;Troubleshooting,1.0
MikroTik-CRITICAL-SECURITY-PLAN-2026-001,Критические уязвимости MikroTik — приоритизированный план устранения (ничего ещё не применено),05_Troubleshooting/Критические уязвимости — план устранения.md,05_Troubleshooting,troubleshooting,in_progress,critical,2026-09-19,2026-09-29,2026-09-26,RouterOS;MikroTik;Security;Audit;Troubleshooting,1.0
NETWORK-MIKROTIK-REMOTE-ACCESS-PROCEDURE-2026-001,Процедура настройки проброса портов (NAT) для удалённого доступа — чек-лист и реестр портов,02_Firewall_NAT/Процедура проброса портов NAT.md,02_Firewall_NAT,reference,completed,medium,2026-09-20,2026-09-29,2026-10-20,RouterOS;MikroTik;NAT;Configuration,1.0
MIKROTIK-WIFI-SSID-RSK-2026-001,"Добавление дополнительного SSID (RSK) на точках доступа MikroTik (Т2, Т1-Т6)",06_Wireless/Дополнительный SSID Mikrotik ТД Т2.md,06_Wireless,setup,in_progress,medium,2026-09-28,2026-09-29,2026-10-28,RouterOS;MikroTik;Wi-Fi;SSID;cAP_ac;Configuration,1.0
MIKROTIK-WIFI-SSID-2026-001,перенастройка мастер Wi-Fi SSID на MikroTik cAP ac (T7),06_Wireless/перенастройка мастер Wi-Fi SSID на MikroTik cAP ac (T7).md,06_Wireless,troubleshooting,completed,medium,2026-09-28,2026-09-30,2026-12-01,RouterOS;MikroTik;Interfaces;Bridge;Wi-Fi;Troubleshooting;Configuration,1.0
INBOX-MIKROTIK-WIREGUARD-RAW-2026-001,Raw WireGuard MikroTik Setup 2026-10-07,00_Inbox/Raw-WireGuard-MikroTik-Setup-2026-10-07.md,00_Inbox,reference,completed,high,2026-10-07,2026-10-07,2027-10-07,RouterOS;MikroTik;VPN;WireGuard,1.0
VPN-MIKROTIK-WIREGUARD-SERVER-2026-001,WireGuard — сервер wg-korona,03_VPN/WireGuard — сервер wg-korona.md,03_VPN,reference,completed,high,2026-10-07,2026-10-07,2027-01-07,RouterOS;MikroTik;VPN;WireGuard;Firewall;NAT,1.0
VPN-MIKROTIK-WIREGUARD-ADD-USER-2026-001,WireGuard — добавление нового пользователя,03_VPN/WireGuard — добавление нового пользователя.md,03_VPN,setup,completed,medium,2026-10-07,2026-10-07,2027-01-07,RouterOS;MikroTik;VPN;WireGuard;Configuration,1.0
TS-MIKROTIK-WIREGUARD-ACCESS-2026-001,WireGuard — диагностика доступа и порядок firewall,05_Troubleshooting/WireGuard — диагностика доступа и порядок firewall.md,05_Troubleshooting,troubleshooting,completed,high,2026-10-07,2026-10-07,2027-01-07,RouterOS;MikroTik;VPN;WireGuard;Firewall;Troubleshooting,1.0
